{"name":"b6b5e174-a55e-410b-aac6-a43645058010","id":"/providers/Microsoft.Flow/flows/b6b5e174-a55e-410b-aac6-a43645058010","type":"Microsoft.Flow/flows","properties":{"apiId":"/providers/Microsoft.PowerApps/apis/shared_logicflows","displayName":"VerificaAgenda","definition":{"metadata":{"workflowEntityId":null,"processAdvisorMetadata":null,"flowclientsuspensionreason":"None","flowclientsuspensiontime":null,"flowclientsuspensionreasondetails":null,"creator":{"id":"06566440-a036-4295-b4e3-6838a0ab205e","type":"User","tenantId":"7578369e-cf61-4440-9a92-8c8c6e54bf71"},"provisioningMethod":"FromDefinition","failureAlertSubscription":true,"clientLastModifiedTime":"2022-11-15T20:39:31.9684668Z"},"$schema":"https://schema.management.azure.com/providers/Microsoft.Logic/schemas/2016-06-01/workflowdefinition.json#","contentVersion":"1.0.0.0","parameters":{"$connections":{"defaultValue":{},"type":"Object"},"$authentication":{"defaultValue":{},"type":"SecureObject"}},"triggers":{"manual":{"metadata":{"operationMetadataId":"4f0f6ef8-9315-48ff-9558-eededb1bc427"},"type":"Request","kind":"Http","inputs":{"schema":{"type":"object","properties":{"datainicio":{"type":"string"},"datafim":{"type":"string"},"nome_reuniao":{"type":"string"},"confirmado":{"type":"string"},"idConsultor":{"type":"string"}}},"method":"POST"}}},"actions":{"Try_-_Scope_obtendo_evento_e_deletando_":{"actions":{"Apply_to_each_2":{"foreach":"@outputs('List_the_events_on_a_calendar')?['body/items']","actions":{"Delete_an_event_2":{"runAfter":{},"metadata":{"operationMetadataId":"7b5facae-84c3-4e7d-bbdd-57130953de02"},"type":"OpenApiConnection","inputs":{"host":{"apiId":"/providers/Microsoft.PowerApps/apis/shared_googlecalendar","connectionName":"shared_googlecalendar","operationId":"DeleteEvent"},"parameters":{"calendarId":"@triggerBody()?['idConsultor']","eventId":"@items('Apply_to_each_2')?['id']"},"authentication":"@parameters('$authentication')"}},"Compose":{"runAfter":{"Delete_an_event_2":["Succeeded"]},"metadata":{"operationMetadataId":"d5303372-083f-4111-8d8f-c69c88d8c939"},"type":"Compose","inputs":"@triggerBody()?['idConsultor']"}},"runAfter":{"List_the_events_on_a_calendar":["Succeeded"]},"metadata":{"operationMetadataId":"0dc0a88b-6dfe-4bf6-9772-0e1db365762f"},"type":"Foreach"},"Data_inicio_-_Convert_time_zone":{"runAfter":{},"metadata":{"operationMetadataId":"ecededfe-3d5d-4fd3-9d2c-a60fb17eacac"},"type":"Expression","kind":"ConvertTimeZone","inputs":{"baseTime":"@triggerBody()?['datainicio']","formatString":"s","sourceTimeZone":"UTC","destinationTimeZone":"E. Africa Standard Time"}},"List_the_events_on_a_calendar":{"runAfter":{"data_final_-_Convert_time_zone":["Succeeded"]},"metadata":{"operationMetadataId":"43815bf4-2345-48a7-aa71-dfe3a66befbb"},"type":"OpenApiConnection","inputs":{"host":{"apiId":"/providers/Microsoft.PowerApps/apis/shared_googlecalendar","connectionName":"shared_googlecalendar","operationId":"ListEvents"},"parameters":{"calendarId":"@triggerBody()?['idConsultor']","timeMin":"@body('Data_inicio_-_Convert_time_zone')","timeMax":"@body('data_final_-_Convert_time_zone')","q":"@triggerBody()?['nome_reuniao']"},"authentication":"@parameters('$authentication')"}},"data_final_-_Convert_time_zone":{"runAfter":{"Data_inicio_-_Convert_time_zone":["Succeeded"]},"metadata":{"operationMetadataId":"05b9a430-5cbd-44f6-b48a-e6b74895865a"},"type":"Expression","kind":"ConvertTimeZone","inputs":{"baseTime":"@triggerBody()?['datafim']","formatString":"s","sourceTimeZone":"UTC","destinationTimeZone":"E. Africa Standard Time"}}},"runAfter":{},"metadata":{"operationMetadataId":"8c5323c7-19ca-4d4f-85e6-77ac4e9bcd03"},"type":"Scope"},"Catch_-_Scope_notificando_erro":{"actions":{"Send_email_(V2)":{"runAfter":{},"metadata":{"operationMetadataId":"5bb850f2-88e2-4be9-b027-70d28e725530"},"type":"OpenApiConnection","inputs":{"host":{"apiId":"/providers/Microsoft.PowerApps/apis/shared_gmail","connectionName":"shared_gmail","operationId":"SendEmailV2"},"parameters":{"emailMessage/To":"jean.aires21@gmail.com","emailMessage/Subject":"Erro Agendamento e consultoria","emailMessage/Body":"<p>Olá, Houve erro na verificação da agenda do consultor@{triggerBody()?['idConsultor']}, na data @{body('Data_inicio_-_Convert_time_zone')} do evento @{triggerBody()?['nome_reuniao']};</p>"},"authentication":"@parameters('$authentication')"}}},"runAfter":{"Try_-_Scope_obtendo_evento_e_deletando_":["Failed"]},"metadata":{"operationMetadataId":"4689c412-efc4-409b-8099-824456672f0d"},"type":"Scope"}},"outputs":{}},"connectionReferences":{"shared_googlecalendar":{"connectionName":"shared-googlecalenda-0d1c38ad-5759-499e-a729-8e1b4fb3e710","source":"Embedded","id":"/providers/Microsoft.PowerApps/apis/shared_googlecalendar","tier":"NotSpecified"},"shared_gmail":{"connectionName":"shared-gmail-33943161-2cb3-45ec-9f5a-616bbb388533","source":"Embedded","id":"/providers/Microsoft.PowerApps/apis/shared_gmail","tier":"NotSpecified"}},"flowFailureAlertSubscribed":false,"isManaged":false}}