{"name":"abfa739f-e588-43c4-aa4e-b33bda42ab67","id":"/providers/Microsoft.Flow/flows/abfa739f-e588-43c4-aa4e-b33bda42ab67","type":"Microsoft.Flow/flows","properties":{"apiId":"/providers/Microsoft.PowerApps/apis/shared_logicflows","displayName":"Setec","definition":{"metadata":{"workflowEntityId":null,"processAdvisorMetadata":null,"flowclientsuspensionreason":"None","flowclientsuspensiontime":null,"flowclientsuspensionreasondetails":null,"creator":{"id":"06566440-a036-4295-b4e3-6838a0ab205e","type":"User","tenantId":"7578369e-cf61-4440-9a92-8c8c6e54bf71"},"provisioningMethod":"FromDefinition","failureAlertSubscription":true,"clientLastModifiedTime":"2022-11-08T15:26:03.6183177Z"},"$schema":"https://schema.management.azure.com/providers/Microsoft.Logic/schemas/2016-06-01/workflowdefinition.json#","contentVersion":"1.0.0.0","parameters":{"$connections":{"defaultValue":{},"type":"Object"},"$authentication":{"defaultValue":{},"type":"SecureObject"}},"triggers":{"manual":{"metadata":{"operationMetadataId":"38a9d3c5-6c82-4186-94d1-82b07b18e216"},"type":"Request","kind":"Http","inputs":{"schema":{"type":"object","properties":{"idCalendario":{"type":"string"},"start_time":{"type":"string"},"end_time":{"type":"string"},"title":{"type":"string"}}},"method":"POST"}}},"actions":{"Try_-_Scope_Criar_evento_":{"actions":{"Compose":{"runAfter":{},"metadata":{"operationMetadataId":"73e898fa-fc39-4c99-afe9-2291b0cbe5f9"},"type":"Compose","inputs":"reunião: @{triggerBody()?['idCalendario']}\ndata: @{triggerBody()?['start_time']}\n@{triggerBody()?['end_time']}\n@{triggerBody()?['title']}"},"Create_an_event":{"runAfter":{"end_time_-_Convert_time_zone":["Succeeded"]},"metadata":{"operationMetadataId":"00988194-8bce-4b4f-9939-f0e11a27c509"},"type":"OpenApiConnection","inputs":{"host":{"apiId":"/providers/Microsoft.PowerApps/apis/shared_googlecalendar","connectionName":"shared_googlecalendar","operationId":"CreateEvent"},"parameters":{"calendarId":"@triggerBody()?['idCalendario']","newEvent/start":"@body('start_time_-_Convert_time_zone')","newEvent/end":"@body('end_time_-_Convert_time_zone')","newEvent/summary":"@triggerBody()?['title']","newEvent/isAllDay":false},"authentication":"@parameters('$authentication')"}},"start_time_-_Convert_time_zone":{"runAfter":{"Compose":["Succeeded"]},"metadata":{"operationMetadataId":"8f73534a-60d1-4436-976a-45d5a041f535"},"type":"Expression","kind":"ConvertTimeZone","inputs":{"baseTime":"@triggerBody()?['start_time']","formatString":"s","sourceTimeZone":"UTC","destinationTimeZone":"E. Africa Standard Time"}},"end_time_-_Convert_time_zone":{"runAfter":{"start_time_-_Convert_time_zone":["Succeeded"]},"metadata":{"operationMetadataId":"abe90c35-2de1-4b3c-a2f9-a80b807508a5"},"type":"Expression","kind":"ConvertTimeZone","inputs":{"baseTime":"@triggerBody()?['end_time']","formatString":"s","sourceTimeZone":"UTC","destinationTimeZone":"E. Africa Standard Time"}}},"runAfter":{},"metadata":{"operationMetadataId":"c0e7f22f-44cc-48f3-8dcb-51b7c571e08c"},"type":"Scope"},"catch_-_Scope_notificação_de_erro":{"actions":{"Send_email_(V2)":{"runAfter":{},"metadata":{"operationMetadataId":"7e3011e9-3a87-4c81-83d6-736fde7fccbf"},"type":"OpenApiConnection","inputs":{"host":{"apiId":"/providers/Microsoft.PowerApps/apis/shared_gmail","connectionName":"shared_gmail","operationId":"SendEmailV2"},"parameters":{"emailMessage/To":"jean.aires21@gmail.com","emailMessage/Subject":"Agendamento e consultoria","emailMessage/Body":"<p>Olá Consultor, @{triggerBody()?['idCalendario']}!<br>\nhouve erro no agendamento de um evento no google caledario @{triggerBody()?['title']} na data @{triggerBody()?['start_time']};</p>"},"authentication":"@parameters('$authentication')"}}},"runAfter":{"Try_-_Scope_Criar_evento_":["Failed"]},"metadata":{"operationMetadataId":"b7fd49a4-f36d-47d5-a8f2-268492725147"},"type":"Scope"}}},"connectionReferences":{"shared_googlecalendar":{"connectionName":"shared-googlecalenda-0d1c38ad-5759-499e-a729-8e1b4fb3e710","source":"Embedded","id":"/providers/Microsoft.PowerApps/apis/shared_googlecalendar","tier":"NotSpecified"},"shared_gmail":{"connectionName":"shared-gmail-33943161-2cb3-45ec-9f5a-616bbb388533","source":"Embedded","id":"/providers/Microsoft.PowerApps/apis/shared_gmail","tier":"NotSpecified"}},"flowFailureAlertSubscribed":false,"isManaged":false}}