{"name":"6d7f8de3-cf90-4df7-ae03-f83435feeef8","id":"/providers/Microsoft.Flow/flows/6d7f8de3-cf90-4df7-ae03-f83435feeef8","type":"Microsoft.Flow/flows","properties":{"apiId":"/providers/Microsoft.PowerApps/apis/shared_logicflows","displayName":"SetecRemarcarAgenda","definition":{"metadata":{"workflowEntityId":null,"processAdvisorMetadata":null,"flowclientsuspensionreason":"None","flowclientsuspensiontime":null,"flowclientsuspensionreasondetails":null,"creator":{"id":"06566440-a036-4295-b4e3-6838a0ab205e","type":"User","tenantId":"7578369e-cf61-4440-9a92-8c8c6e54bf71"},"provisioningMethod":"FromDefinition","failureAlertSubscription":true,"clientLastModifiedTime":"2022-11-10T14:24:49.7877228Z"},"$schema":"https://schema.management.azure.com/providers/Microsoft.Logic/schemas/2016-06-01/workflowdefinition.json#","contentVersion":"1.0.0.0","parameters":{"$connections":{"defaultValue":{},"type":"Object"},"$authentication":{"defaultValue":{},"type":"SecureObject"}},"triggers":{"manual":{"metadata":{"operationMetadataId":"2531ceb0-59bc-4941-95f7-39a48e7e86b1"},"type":"Request","kind":"Http","inputs":{"schema":{"type":"object","properties":{"IdCalendario":{"type":"string"},"start_time":{"type":"string"},"end_time":{"type":"string"},"title":{"type":"string"},"new_start_time":{"type":"string"},"new_end_time":{"type":"string"}}},"method":"POST"}}},"actions":{"Try_-_Scope":{"actions":{"Mostrando_informações":{"runAfter":{},"metadata":{"operationMetadataId":"824e4d60-ee27-4f55-a788-64385c0bc760"},"type":"Compose","inputs":"data inicio: @{triggerBody()?['start_time']}\ndata fim: @{triggerBody()?['end_time']}\nnome reunião: @{triggerBody()?['title']}\nid calendario: @{triggerBody()?['IdCalendario']}"},"Obtendo_evento_-_List_the_events_on_a_calendar":{"runAfter":{"new_end_time_-_Convert_time_zone":["Succeeded"]},"metadata":{"operationMetadataId":"189595b3-1ef2-48b0-9ef6-9e18757ebcac"},"type":"OpenApiConnection","inputs":{"host":{"apiId":"/providers/Microsoft.PowerApps/apis/shared_googlecalendar","connectionName":"shared_googlecalendar","operationId":"ListEvents"},"parameters":{"calendarId":"@triggerBody()?['IdCalendario']","timeMin":"@body('Start_time_-_Convert_time_zone')","timeMax":"@body('end_time_-_Convert_time_zone')"},"authentication":"@parameters('$authentication')"}},"Apply_to_each":{"foreach":"@outputs('Obtendo_evento_-_List_the_events_on_a_calendar')?['body/items']","actions":{"Atualizando_evento_-_Update_an_event":{"runAfter":{},"metadata":{"operationMetadataId":"64c390ce-f48e-43ba-b484-de826f5e1629"},"type":"OpenApiConnection","inputs":{"host":{"apiId":"/providers/Microsoft.PowerApps/apis/shared_googlecalendar","connectionName":"shared_googlecalendar","operationId":"UpdateEvent"},"parameters":{"calendarId":"@triggerBody()?['IdCalendario']","eventId":"@items('Apply_to_each')?['id']","updatedEvent/summary":"@triggerBody()?['title']","updatedEvent/start":"@body('New_start_time_-_Convert_time_zone')","updatedEvent/end":"@body('new_end_time_-_Convert_time_zone')","updatedEvent/isAllDay":false},"authentication":"@parameters('$authentication')"}}},"runAfter":{"Obtendo_evento_-_List_the_events_on_a_calendar":["Succeeded"]},"metadata":{"operationMetadataId":"4e801944-22af-4523-80a5-60a7af7ade6e"},"type":"Foreach"},"Start_time_-_Convert_time_zone":{"runAfter":{"Mostrando_informações":["Succeeded"]},"metadata":{"operationMetadataId":"0dd3d4dc-e85d-41e7-9a41-6371ba853a61"},"type":"Expression","kind":"ConvertTimeZone","inputs":{"baseTime":"@triggerBody()?['start_time']","formatString":"s","sourceTimeZone":"UTC","destinationTimeZone":"E. Africa Standard Time"}},"end_time_-_Convert_time_zone":{"runAfter":{"Start_time_-_Convert_time_zone":["Succeeded"]},"metadata":{"operationMetadataId":"a32ec9c7-0606-45e4-acfb-aa026ffa2dd8"},"type":"Expression","kind":"ConvertTimeZone","inputs":{"baseTime":"@triggerBody()?['end_time']","formatString":"s","sourceTimeZone":"UTC","destinationTimeZone":"E. Africa Standard Time"}},"New_start_time_-_Convert_time_zone":{"runAfter":{"end_time_-_Convert_time_zone":["Succeeded"]},"metadata":{"operationMetadataId":"62347ba4-d1ba-48b2-bce8-e12c21a1a45a"},"type":"Expression","kind":"ConvertTimeZone","inputs":{"baseTime":"@triggerBody()?['new_start_time']","formatString":"s","sourceTimeZone":"UTC","destinationTimeZone":"E. Africa Standard Time"}},"new_end_time_-_Convert_time_zone":{"runAfter":{"New_start_time_-_Convert_time_zone":["Succeeded"]},"metadata":{"operationMetadataId":"941443fa-951c-4547-b84a-e58690a4867a"},"type":"Expression","kind":"ConvertTimeZone","inputs":{"baseTime":"@triggerBody()?['new_end_time']","formatString":"s","sourceTimeZone":"UTC","destinationTimeZone":"E. Africa Standard Time"}}},"runAfter":{},"metadata":{"operationMetadataId":"f8f105ed-24ca-4a47-959c-6770654130b9"},"type":"Scope"},"Catch_-_Scope":{"actions":{"Send_email_(V2)":{"runAfter":{},"metadata":{"operationMetadataId":"ad940c66-e4a8-478b-9160-441e68709e93"},"type":"OpenApiConnection","inputs":{"host":{"apiId":"/providers/Microsoft.PowerApps/apis/shared_gmail","connectionName":"shared_gmail","operationId":"SendEmailV2"},"parameters":{"emailMessage/To":"Jean.aires21@gmail.com","emailMessage/Subject":"Erro - Agendamento e consultoria","emailMessage/Body":"<p>Olá, houve erro na atualização do envento @{triggerBody()?['title']}: do consultor&nbsp;@{triggerBody()?['IdCalendario']} na data: @{triggerBody()?['start_time']}para a data: @{triggerBody()?['new_start_time']}</p>"},"authentication":"@parameters('$authentication')"}}},"runAfter":{"Try_-_Scope":["Failed"]},"metadata":{"operationMetadataId":"28bfb822-2bd7-4f92-861c-ee898e882420"},"type":"Scope"}},"outputs":{}},"connectionReferences":{"shared_googlecalendar":{"connectionName":"shared-googlecalenda-0d1c38ad-5759-499e-a729-8e1b4fb3e710","source":"Embedded","id":"/providers/Microsoft.PowerApps/apis/shared_googlecalendar","tier":"NotSpecified"},"shared_gmail":{"connectionName":"shared-gmail-33943161-2cb3-45ec-9f5a-616bbb388533","source":"Embedded","id":"/providers/Microsoft.PowerApps/apis/shared_gmail","tier":"NotSpecified"}},"flowFailureAlertSubscribed":false,"isManaged":false}}